,AFF,AFF,Freq,OPEID,OPEID,Issues
240,ALFRED UNIV,ALFRED UNIVERSITY,2,26680,26680,
65,AUBURN UNIV,AUBURN UNIVERSITY,8,00100900,100900,
245,BIRMINGHAM SOUTHERN COLL,BIRMINGHAM SOUTHERN COLLEGE,2,00101200,101200,
588,TUSKEGEE UNIV,TUSKEGEE UNIVERSITY,1,00105000,105000,
44,UNIV ARIZONA,UNIVERSITY OF ARIZONA,12,00108300,108300,
339,ARKANSAS TECH UNIV,ARKANSAS TECH UNIVERSITY,1,00108900,108900,
590,UNIV ARKANSAS,UNIVERSITY OF ARKANSAS,1,00110800,110800,
165,CALIF LUTHERAN UNIV,CALIFORNIA LUTHERAN UNIVERSITY,3,00113300,113300,
126,CALIF STATE UNIV FULLERTON,CALIFORNIA STATE UNIVERSITY-FULLERTON,4,00113700,113700,
248,CALIF STATE UNIV LONG BEACH,CALIFORNIA STATE UNIVERSITY-LONG BEACH,2,00113900,113900,
167,CALIF STATE UNIV LOS ANGELES,CALIFORNIA STATE UNIVERSITY-LOS ANGELES,3,00114000,114000,
370,CALIF STATE UNIV SAN BERNARDINO,CALIFORNIA STATE UNIVERSITY-SAN BERNARDINO,1,00114200,114200,
86,CALIF POLYTECH STATE UNIV SAN LUIS OBISPO,CALIFORNIA POLYTECH STATE UNIVERSITY-SAN LUIS OBISPO,6,114300,114300,
166,CALIF STATE UNIV CHICO,CALIFORNIA STATE UNIVERSITY-CHICO,3,00114600,114600,
367,CALIF STATE UNIV FRESNO,CALIFORNIA STATE UNIVERSITY-FRESNO,1,00114700,114700,
369,CALIF STATE UNIV SACRAMENTO,CALIFORNIA STATE UNIVERSITY-SACRAMENTO,1,00115000,115000,
38,SAN DIEGO STATE UNIV,SAN DIEGO STATE UNIVERSITY,14,00115100,115100,
250,CALIF STATE UNIV NORTHRIDGE,CALIFORNIA STATE UNIVERSITY-NORTHRIDGE,2,00115300,115300,
6,SAN FRANCISCO STATE UNIV,SAN FRANCISCO STATE UNIVERSITY,48,00115400,115400,
299,SAN JOSE STATE UNIV,SAN JOSE STATE UNIVERSITY,2,00115500,115500,
105,CALIF STATE UNIV STANISLAUS,CALIFORNIA STATE UNIVERSITY-STANISLAUS,5,00115700,115700,
380,CHABOT COLL,CHABOT COLLEGE,1,00116200,116200,
383,CITRUS COLL,CITRUS COLLEGE,1,00116600,116600,
171,CLAREMONT MCKENNA COLL,CLAREMONT MCKENNA COLLEGE,3,00117000,117000,
89,HARVEY MUDD COLL,HARVEY MUDD COLLEGE,6,00117100,117100,
293,PITZER COLL,PITZER COLLEGE,2,00117200,117200,
76,POMONA COLL,POMONA COLLEGE,7,00117300,117300,
300,SCRIPPS COLL,SCRIPPS COLLEGE,2,00117400,117400,
108,HOLY NAMES UNIV,HOLY NAMES UNIVERSITY,5,00118300,118300,
416,DIABLO VALLEY COLL,DIABLO VALLEY COLLEGE,1,00119100,119100,
180,FOOTHILL COLL,FOOTHILL COLLEGE,3,00119900,119900,
221,UNIV LA VERNE,UNIVERSITY OF LA VERNE,3,00121600,121600,
487,LOMA LINDA UNIV,LOMA LINDA UNIVERSITY,1,00121800,121800,
535,PALOMAR COLL,PALOMAR COLLEGE,1,00126000,126000,
117,POINT LOMA NAZARENE UNIV,POINT LOMA NAZARENE UNIVERSITY,5,00126200,126200,
477,LANEY COLL,LANEY COLLEGE,1,00126600,126600,
502,MERRITT COLL,MERRITT COLLEGE,1,00126700,126700,
43,STANFORD UNIV,STANFORD UNIVERSITY,12,00130500,130500,
45,UNIV CALIF BERKELEY,UNIVERSITY OF CALIFORNIA-BERKELEY,12,00131200,131200,
31,UNIV CALIF DAVIS,UNIVERSITY OF CALIFORNIA-DAVIS,17,00131300,131300,
29,UNIV CALIF IRVINE,UNIVERSITY OF CALIFORNIA-IRVINE,18,00131400,131400,
9,UNIV CALIF LOS ANGELES,UNIVERSITY OF CALIFORNIA-LOS ANGELES,40,00131500,131500,
217,UNIV CALIF RIVERSIDE,UNIVERSITY OF CALIFORNIA-RIVERSIDE,3,00131600,131600,
17,UNIV CALIF SAN DIEGO,UNIVERSITY OF CALIFORNIA-SAN DIEGO,27,00131700,131700,
39,UNIV CALIF SAN FRANCISCO,UNIVERSITY OF CALIFORNIA-SAN FRANCISCO,14,00131900,131900,
146,UNIV CALIF SANTA BARBARA,UNIVERSITY OF CALIFORNIA-SANTA BARBARA,4,00132000,132000,
594,UNIV CALIF SANTA CRUZ,UNIVERSITY OF CALIFORNIA-SANTA CRUZ,1,00132100,132100,
239,ADAMS STATE UNIV,ADAMS STATE UNIVERSITY,2,134500,134500,
80,UNIV NORTHERN COLORADO,UNIVERSITY OF NORTHERN COLORADO,7,00134900,134900,
147,UNIV COLORADO BOULDER,UNIVERSITY OF COLORADO BOULDER,4,00137000,137000,
539,QUINNIPIAC UNIV,QUINNIPIAC UNIVERSITY,1,00140200,140200,
586,TRINITY COLL,TRINITY COLLEGE,1,00141400,141400,
96,UNIV CONNECTICUT,UNIVERSITY OF CONNECTICUT,6,00141700,141700,
605,UNIV HARTFORD,UNIVERSITY OF HARTFORD,1,00142200,142200,
234,WESLEYAN UNIV,WESLEYAN UNIVERSITY,3,00142400,142400,
20,YALE UNIV,YALE UNIVERSITY,25,00142600,142600,
24,UNIV DELAWARE,UNIVERSITY OF DELAWARE,22,00143100,143100,
71,GALLAUDET UNIV,GALLAUDET UNIVERSITY,7,00144300,144300,
182,GEORGE WASHINGTON UNIV,GEORGE WASHINGTON UNIVERSITY,3,00144400,144400,
54,GEORGETOWN UNIV,GEORGETOWN UNIVERSITY,9,00144500,144500,
349,BARRY UNIV,BARRY UNIVERSITY,1,00146600,146600,
432,FLORIDA SOUTHWESTERN STATE COLL,FLORIDA SOUTHWESTERN STATE COLLEGE,1,00147700,147700,
546,ROLLINS COLL,ROLLINS COLLEGE,1,00151500,151500,
555,SANTA FE COLL,SANTA FE COLLEGE,1,00151900,151900,
59,UNIV FLORIDA,UNIVERSITY OF FLORIDA,9,00153500,153500,
152,UNIV MIAMI,UNIVERSITY OF MIAMI,4,00153600,153600,
124,AGNES SCOTT COLL,AGNES SCOTT COLLEGE,4,154200,154200,
16,EMORY UNIV,EMORY UNIVERSITY,28,00156400,156400,
88,GEORGIA STATE UNIV,GEORGIA STATE UNIVERSITY,6,00157400,157400,
473,KENNESAW STATE UNIV,KENNESAW STATE UNIVERSITY,1,00157700,157700,
242,AUGUSTA UNIV,AUGUSTA UNIVERSITY,2,00157900,157900,
113,MOREHOUSE COLL,MOREHOUSE COLLEGE,5,00158200,158200,
325,UNIV NORTH GEORGIA,UNIVERSITY OF NORTH GEORGIA,2,00158500,158500,
570,SOUTH GEORGIA STATE COLL,SOUTH GEORGIA STATE COLLEGE,1,00159200,159200,
77,SPELMAN COLL,SPELMAN COLLEGE,7,00159400,159400,
3,UNIV GEORGIA,UNIVERSITY OF GEORGIA,77,00159800,159800,
330,VALDOSTA STATE UNIV,VALDOSTA STATE UNIVERSITY,2,00159900,159900,
469,KAPIOLANI COMMUNITY COLL,KAPIOLANI COMMUNITY COLLEGE,1,00161300,161300,
267,IDAHO STATE UNIV,IDAHO STATE UNIVERSITY,2,00162000,162000,
246,BRADLEY UNIV,BRADLEY UNIVERSITY,2,00164100,164100,
423,EASTERN ILLINOIS UNIV,EASTERN ILLINOIS UNIVERSITY,1,00167400,167400,
425,ELMHURST COLL,ELMHURST COLLEGE,1,00167600,167600,
460,ILLINOIS COLL,ILLINOIS COLLEGE,1,00168800,168800,
268,ILLINOIS STATE UNIV,ILLINOIS STATE UNIVERSITY,2,00169200,169200,
524,NORTHERN ILLINOIS UNIV,NORTHERN ILLINOIS UNIVERSITY,1,00173700,173700,
48,NORTHWESTERN UNIV,NORTHWESTERN UNIVERSITY,11,00173900,173900,
315,UNIV CHICAGO,UNIVERSITY OF CHICAGO,2,00177400,177400,
244,BALL STATE UNIV,BALL STATE UNIVERSITY,2,00178600,178600,
247,BUTLER UNIV,BUTLER UNIVERSITY,2,00178800,178800,
422,EARLHAM COLL,EARLHAM COLLEGE,1,00179300,179300,
218,UNIV EVANSVILLE,UNIVERSITY OF EVANSVILLE,3,00179500,179500,
154,UNIV NOTRE DAME,UNIVERSITY OF NOTRE DAME,4,00184000,184000,
34,GRINNELL COLL,GRINNELL COLLEGE,15,00186800,186800,
52,IOWA STATE UNIV,IOWA STATE UNIVERSITY,10,00186900,186900,
192,LUTHER COLL,LUTHER COLLEGE,3,00187400,187400,
149,UNIV IOWA,UNIVERSITY OF IOWA,4,00189200,189200,
363,BUTLER COMMUNITY COLL,BUTLER COMMUNITY COLLEGE,1,00190600,190600,
273,KANSAS STATE UNIV,KANSAS STATE UNIVERSITY,2,00192800,192800,
321,UNIV KANSAS,UNIVERSITY OF KANSAS,2,00194800,194800,
656,WICHITA STATE UNIV,WICHITA STATE UNIVERSITY,1,00195000,195000,
200,MURRAY STATE UNIV,MURRAY STATE UNIVERSITY,3,00197700,197700,
67,UNIV KENTUCKY,UNIVERSITY OF KENTUCKY,8,00198900,198900,
323,UNIV LOUISVILLE,UNIVERSITY OF LOUISVILLE,2,00199900,199900,
350,BATES COLL,BATES COLLEGE,1,00203600,203600,
387,COLBY COLL,COLBY COLLEGE,1,00203900,203900,
25,UNIV MAINE,UNIVERSITY OF MAINE,22,00205300,205300,
347,BALTIMORE CITY COMMUNITY COLL,BALTIMORE CITY COMMUNITY COLLEGE,1,00206100,206100,
184,HARFORD COMMUNITY COLL,HARFORD COMMUNITY COLLEGE,3,00207500,207500,
467,JOHNS HOPKINS UNIV,JOHNS HOPKINS UNIVERSITY,1,00207700,207700,
488,LOYOLA UNIV MARYLAND,LOYOLA UNIVERSITY MARYLAND,1,00207800,207800,
73,MORGAN STATE UNIV,MORGAN STATE UNIVERSITY,7,00208300,208300,
138,SALISBURY UNIV,SALISBURY UNIVERSITY,4,00209100,209100,
585,TOWSON UNIV,TOWSON UNIVERSITY,1,00209900,209900,
194,MCDANIEL COLL,MCDANIEL COLLEGE,3,00210900,210900,
161,AMHERST COLL,AMHERST COLLEGE,3,211500,211500,
501,MERRIMACK COLL,MERRIMACK COLLEGE,1,00212000,212000,
163,BENTLEY UNIV,BENTLEY UNIVERSITY,3,00212400,212400,
103,BOSTON COLL,BOSTON COLLEGE,5,00212800,212800,
357,BOSTON UNIV,BOSTON UNIVERSITY,1,00213000,213000,
104,BRANDEIS UNIV,BRANDEIS UNIVERSITY,5,00213300,213300,
107,HARVARD UNIV,HARVARD UNIVERSITY,5,00215500,215500,
553,SALEM STATE UNIV,SALEM STATE UNIVERSITY,1,00218800,218800,
334,WORCESTER STATE UNIV,WORCESTER STATE UNIVERSITY,2,00219000,219000,
115,NORTHEASTERN UNIV,NORTHEASTERN UNIVERSITY,5,00219900,219900,
93,SMITH COLL,SMITH COLLEGE,6,00220900,220900,
578,SUFFOLK UNIV,SUFFOLK UNIVERSITY,1,00221800,221800,
23,TUFTS UNIV,TUFTS UNIVERSITY,22,00221900,221900,
233,WELLESLEY COLL,WELLESLEY COLLEGE,3,00222400,222400,
236,WILLIAMS COLL,WILLIAMS COLLEGE,3,00222900,222900,
160,ALBION COLL,ALBION COLLEGE,3,223500,223500,
251,CALVIN COLL,CALVIN COLLEGE,2,00224100,224100,
264,GRAND VALLEY STATE UNIV,GRAND VALLEY STATE UNIVERSITY,2,00226800,226800,
458,HOPE COLL,HOPE COLLEGE,1,00227300,227300,
1,MICHIGAN STATE UNIV,MICHIGAN STATE UNIVERSITY,89,00229000,229000,
559,SCHOOLCRAFT COLL,SCHOOLCRAFT COLLEGE,1,00231500,231500,
599,UNIV DETROIT MERCY,UNIVERSITY OF DETROIT MERCY,1,00232300,232300,
649,WAYNE STATE UNIV,WAYNE STATE UNIVERSITY,1,00232900,232900,
64,WESTERN MICHIGAN UNIV,WESTERN MICHIGAN UNIVERSITY,9,00233000,233000,
53,CARLETON COLL,CARLETON COLLEGE,9,00234000,234000,
446,HAMLINE UNIV,HAMLINE UNIVERSITY,1,00235400,235400,
111,MACALESTER COLL,MACALESTER COLLEGE,5,00235800,235800,
571,SOUTHWEST MINNESOTA STATE UNIV,SOUTHWEST MINNESOTA STATE UNIVERSITY,1,00237500,237500,
94,ST OLAF COLL,ST OLAF COLLEGE,6,00238200,238200,
465,JACKSON STATE UNIV,JACKSON STATE UNIVERSITY,1,00241000,241000,
428,EVANGEL UNIV,EVANGEL UNIVERSITY,1,00246300,246300,
277,LINDENWOOD UNIV,LINDENWOOD UNIVERSITY,2,00248000,248000,
66,MISSOURI WESTERN STATE UNIV,MISSOURI WESTERN STATE UNIVERSITY,8,00249000,249000,
213,TRUMAN STATE UNIV,TRUMAN STATE UNIVERSITY,3,00249500,249500,
159,WEBSTER UNIV,WEBSTER UNIVERSITY,4,00252100,252100,
235,WILLIAM WOODS UNIV,WILLIAM WOODS UNIVERSITY,3,00252500,252500,
37,MONTANA STATE UNIV,MONTANA STATE UNIVERSITY,14,00253200,253200,
661,YORK COLL,YORK COLLEGE,1,00256700,256700,
259,DARTMOUTH COLL,DARTMOUTH COLLEGE,2,00257300,257300,
420,DREW UNIV,DREW UNIVERSITY,1,00260300,260300,
547,ROWAN UNIV,ROWAN UNIVERSITY,1,00260900,260900,
198,MONTCLAIR STATE UNIV,MONTCLAIR STATE UNIVERSITY,3,00261700,261700,
202,NEW MEXICO HIGHLANDS UNIV,NEW MEXICO HIGHLANDS UNIVERSITY,3,00265300,265300,
375,CANISIUS COLL,CANISIUS COLLEGE,1,00268100,268100,
51,CUNY CITY COLL,CUNY CITY COLLEGE,10,00268800,268800,
348,BARNARD COLL,BARNARD COLLEGE,1,00270800,270800,
35,CORNELL UNIV,CORNELL UNIVERSITY,14,00271100,271100,
450,HARTWICK COLL,HARTWICK COLLEGE,1,00272900,272900,
266,HOFSTRA UNIV,HOFSTRA UNIVERSITY,2,00273200,273200,
500,MERCY COLL,MERCY COLLEGE,1,00277200,277200,
520,NIAGARA UNIV,NIAGARA UNIVERSITY,1,00278800,278800,
534,PACE UNIV,PACE UNIVERSITY,1,00279100,279100,
566,SKIDMORE COLL,SKIDMORE COLLEGE,1,00281400,281400,
304,ST BONAVENTURE UNIV,ST BONAVENTURE UNIVERSITY,2,00281700,281700,
212,SYRACUSE UNIV,SYRACUSE UNIVERSITY,3,00288200,288200,
49,UNIV ROCHESTER,UNIVERSITY OF ROCHESTER,11,00289400,289400,
230,VASSAR COLL,VASSAR COLLEGE,3,00289500,289500,
36,DAVIDSON COLL,DAVIDSON COLLEGE,14,00291800,291800,
14,DUKE UNIV,DUKE UNIVERSITY,29,00292000,292000,
426,ELON UNIV,ELON UNIVERSITY,1,00292700,292700,
185,HIGH POINT UNIV,HIGH POINT UNIVERSITY,3,00293300,293300,
187,JOHNSON C SMITH UNIV,JOHNSON C SMITH UNIVERSITY,3,00293600,293600,
231,WAKE FOREST UNIV,WAKE FOREST UNIVERSITY,3,00297800,297800,
651,WESTERN CAROLINA UNIV,WESTERN CAROLINA UNIVERSITY,1,00298100,298100,
169,CASE WESTERN RESERVE UNIV,CASE WESTERN RESERVE UNIVERSITY,3,00302400,302400,
176,DENISON UNIV,DENISON UNIVERSITY,3,00304200,304200,
456,HIRAM COLL,HIRAM COLLEGE,1,00304900,304900,
275,KENYON COLL,KENYON COLLEGE,2,00306500,306500,
74,OBERLIN COLL,OBERLIN COLLEGE,7,00308600,308600,
531,OHIO WESLEYAN UNIV,OHIO WESLEYAN UNIVERSITY,1,00310900,310900,
189,LANE COMMUNITY COLL,LANE COMMUNITY COLLEGE,3,00319600,319600,
282,MT HOOD COMMUNITY COLL,MT HOOD COMMUNITY COLLEGE,2,00320400,320400,
92,OREGON STATE UNIV,OREGON STATE UNIVERSITY,6,00321000,321000,
58,PORTLAND STATE UNIV,PORTLAND STATE UNIVERSITY,9,00321600,321600,
541,REED COLL,REED COLLEGE,1,00321700,321700,
618,UNIV OREGON,UNIVERSITY OF OREGON,1,00322300,322300,
326,UNIV PORTLAND,UNIVERSITY OF PORTLAND,2,00322400,322400,
335,ALBRIGHT COLL,ALBRIGHT COLLEGE,1,322900,322900,
241,ARCADIA UNIV,ARCADIA UNIVERSITY,2,00323500,323500,
85,BRYN MAWR COLL,BRYN MAWR COLLEGE,6,00323700,323700,
361,BUCKNELL UNIV,BUCKNELL UNIVERSITY,1,00323800,323800,
421,DUQUESNE UNIV,DUQUESNE UNIVERSITY,1,00325800,325800,
437,FRANKLIN AND MARSHALL COLL,FRANKLIN AND MARSHALL COLLEGE,1,00326500,326500,
454,HAVERFORD COLL,HAVERFORD COLLEGE,1,00327400,327400,
134,JUNIATA COLL,JUNIATA COLLEGE,4,00327900,327900,
489,LYCOMING COLL,LYCOMING COLLEGE,1,00329300,329300,
199,MORAVIAN COLL,MORAVIAN COLLEGE,3,00330100,330100,
284,MUHLENBERG COLL,MUHLENBERG COLLEGE,2,00330400,330400,
84,WIDENER UNIV,WIDENER UNIVERSITY,7,00331300,331300,
581,SUSQUEHANNA UNIV,SUSQUEHANNA UNIVERSITY,1,00336900,336900,
142,SWARTHMORE COLL,SWARTHMORE COLLEGE,4,00337000,337000,
332,WILKES UNIV,WILKES UNIVERSITY,2,00339400,339400,
50,BROWN UNIV,BROWN UNIVERSITY,10,00340100,340100,
172,CLEMSON UNIV,CLEMSON UNIVERSITY,3,00342500,342500,
253,COASTAL CAROLINA UNIV,COASTAL CAROLINA UNIVERSITY,2,00345100,345100,
333,WOFFORD COLL,WOFFORD COLLEGE,2,00345700,345700,
303,SOUTH DAKOTA STATE UNIV,SOUTH DAKOTA STATE UNIVERSITY,2,00347100,347100,
494,MARYVILLE COLL,MARYVILLE COLLEGE,1,00350500,350500,
611,UNIV MEMPHIS,UNIVERSITY OF MEMPHIS,1,00350900,350900,
57,MIDDLE TENNESSEE STATE UNIV,MIDDLE TENNESSEE STATE UNIVERSITY,9,00351000,351000,
589,UNION UNIV,UNION UNIVERSITY,1,00352800,352800,
19,VANDERBILT UNIV,VANDERBILT UNIVERSITY,25,00353500,353500,
344,AUSTIN COLL,AUSTIN COLLEGE,1,00354300,354300,
352,BAYLOR UNIV,BAYLOR UNIVERSITY,1,00354500,354500,
276,LAMAR UNIV,LAMAR UNIVERSITY,2,00358100,358100,
297,RICE UNIV,RICE UNIVERSITY,2,00360400,360400,
139,SAM HOUSTON STATE UNIV,SAM HOUSTON STATE UNIVERSITY,4,00360600,360600,
584,TEXAS WESLEYAN UNIV,TEXAS WESLEYAN UNIVERSITY,1,00364500,364500,
227,UNIV ST THOMAS,UNIVERSITY OF ST THOMAS,3,00365400,365400,
32,UNIV UTAH,UNIVERSITY OF UTAH,17,00367500,367500,
82,UTAH STATE UNIV,UTAH STATE UNIVERSITY,7,00367700,367700,
448,HAMPTON UNIV,HAMPTON UNIVERSITY,1,00371400,371400,
191,LONGWOOD UNIV,LONGWOOD UNIVERSITY,3,00371900,371900,
133,JAMES MADISON UNIV,JAMES MADISON UNIVERSITY,4,00372100,372100,
206,OLD DOMINION UNIV,OLD DOMINION UNIVERSITY,3,00372800,372800,
540,RADFORD UNIV,RADFORD UNIVERSITY,1,00373200,373200,
644,VIRGINIA COMMONWEALTH UNIV,VIRGINIA COMMONWEALTH UNIVERSITY,1,00373500,373500,
545,ROANOKE COLL,ROANOKE COLLEGE,1,00373600,373600,
309,SWEET BRIAR COLL,SWEET BRIAR COLLEGE,2,00374200,374200,
225,UNIV RICHMOND,UNIVERSITY OF RICHMOND,3,00374400,374400,
610,UNIV MARY WASHINGTON,UNIVERSITY OF MARY WASHINGTON,1,00374600,374600,
181,GEORGE MASON UNIV,GEORGE MASON UNIVERSITY,3,00374900,374900,
521,NORFOLK STATE UNIV,NORFOLK STATE UNIVERSITY,1,00376500,376500,
162,BELLEVUE COLL,BELLEVUE COLLEGE,3,00376900,376900,
130,EVERETT COMMUNITY COLL,EVERETT COMMUNITY COLLEGE,4,00377600,377600,
443,GONZAGA UNIV,GONZAGA UNIVERSITY,1,00377800,377800,
116,PACIFIC LUTHERAN UNIV,PACIFIC LUTHERAN UNIVERSITY,5,00378500,378500,
119,SEATTLE UNIV,SEATTLE UNIVERSITY,5,00379000,379000,
224,UNIV PUGET SOUND,UNIVERSITY OF PUGET SOUND,3,00379700,379700,
647,WALLA WALLA UNIV,WALLA WALLA UNIVERSITY,1,00379900,379900,
46,WASHINGTON STATE UNIV,WASHINGTON STATE UNIVERSITY,12,00380000,380000,
123,WESTERN WASHINGTON UNIV,WESTERN WASHINGTON UNIVERSITY,5,00380200,380200,
655,WHITMAN COLL,WHITMAN COLLEGE,1,00380300,380300,
493,MARSHALL UNIV,MARSHALL UNIVERSITY,1,00381500,381500,
83,WEST VIRGINIA UNIV,WEST VIRGINIA UNIVERSITY,7,00382700,382700,
125,BELOIT COLL,BELOIT COLLEGE,4,00383500,383500,
168,CARDINAL STRITCH UNIV,CARDINAL STRITCH UNIVERSITY,3,00383700,383700,
112,MARIAN UNIV,MARIAN UNIVERSITY,5,00386100,386100,
492,MARQUETTE UNIV,MARQUETTE UNIVERSITY,1,00386300,386300,
641,UNIV WYOMING,UNIVERSITY OF WYOMING,1,00393200,393200,
63,UTAH VALLEY UNIV,UTAH VALLEY UNIVERSITY,9,00402700,402700,
87,DE ANZA COLL,DE ANZA COLLEGE,6,00448000,448000,
447,HAMPSHIRE COLL,HAMPSHIRE COLLEGE,1,00466100,466100,
258,CUNY YORK COLL,CUNY YORK COLLEGE,2,00475900,475900,
178,EDMONDS COMMUNITY COLL,EDMONDS COMMUNITY COLLEGE,3,00500100,500100,
311,UNITY COLL,UNITY COLLEGE,2,00685800,685800,
280,MONTGOMERY COLL,MONTGOMERY COLLEGE,2,00691100,691100,
554,SAMUEL MERRITT UNIV,SAMUEL MERRITT UNIVERSITY,1,00701200,701200,
537,PIMA COMMUNITY COLL,PIMA COMMUNITY COLLEGE,1,00726600,726600,
179,FINGER LAKES COMMUNITY COLL,FINGER LAKES COMMUNITY COLLEGE,3,00753200,753200,
101,BETHEL UNIV,BETHEL UNIVERSITY,5,00905800,905800,
435,FRANCIS MARION UNIV,FRANCIS MARION UNIVERSITY,1,00922600,922600,
396,COLORADO CHRISTIAN UNIV,COLORADO CHRISTIAN UNIVERSITY,1,00940100,940100,
550,RUSH UNIV,RUSH UNIVERSITY,1,00980000,980000,
291,OAKTON COMMUNITY COLL,OAKTON COMMUNITY COLLEGE,2,00989600,989600,
646,VOLUNTEER STATE COMMUNITY COLL,VOLUNTEER STATE COMMUNITY COLLEGE,1,00991200,991200,
544,ROANE STATE COMMUNITY COLL,ROANE STATE COMMUNITY COLLEGE,1,00991400,991400,
653,WHATCOM COMMUNITY COLL,WHATCOM COMMUNITY COLLEGE,1,01036400,1036400,
626,UNIV SAN DIEGO,UNIVERSITY OF SAN DIEGO,1,01039500,1039500,
215,UNIV ALASKA ANCHORAGE,UNIVERSITY OF ALASKA ANCHORAGE,3,01146200,1146200,
278,LOYOLA MARYMOUNT UNIV,LOYOLA MARYMOUNT UNIVERSITY,2,01164900,1164900,
445,GUAM COMMUNITY COLL,GUAM COMMUNITY COLLEGE,1,01536100,1536100,
353,BERKELEY CITY COLL,BERKELEY CITY COLLEGE,1,02242700,2242700,
371,CALIF STATE UNIV SAN MARCOS,CALIFORNIA STATE UNIVERSITY-SAN MARCOS,1,03011300,3011300,
479,LAS POSITAS COLL,LAS POSITAS COLLEGE,1,03035700,3035700,
249,CALIF STATE UNIV MONTEREY BAY,CALIFORNIA STATE UNIVERSITY-MONTEREY BAY,2,03260300,3260300,
351,BATON ROUGE COMMUNITY COLL,BATON ROUGE COMMUNITY COLLEGE,1,03730300,3730300,
314,UNIV CALIF MERCED,UNIVERSITY OF CALIFORNIA-MERCED,2,04127100,4127100,
106,GEORGIA GWINNETT COLL,GEORGIA GWINNETT COLLEGE,5,04142900,4142900,
238,ADAM MICKIEWICZ UNIV,ADAM MICKIEWICZ UNIVERSITY,2,NA,NA,Not in MSI list
336,ALVIN AND LOIS LAPIDUS CANC INST,ALVIN AND LOIS LAPIDUS CANC INST,1,NA,NA,Not in MSI list
7,ARIZONA STATE UNIV,ARIZONA STATE UNIVERSITY,43,NA,NA,Multiple campuses: 5
340,ASSOC AMER UNIV,ASSOC AMER UNIVERSITY,1,NA,NA,Not in MSI list
341,ASSOC WOMEN SCI,ASSOC WOMEN SCI,1,NA,NA,Not in MSI list
342,ASTON UNIV,ASTON UNIVERSITY,1,NA,NA,Not in MSI list
343,ATHABASCA UNIV,ATHABASCA UNIVERSITY,1,NA,NA,Not in MSI list
243,AUSTIN COMMUNITY COLL,AUSTIN COMMUNITY COLLEGE,2,NA,NA,Austin College (Sherman) or Austin Community College District (Austin)
345,AWHINA RES,AWHINA RES,1,NA,NA,Not in MSI list
346,BACON ACAD,BACON ACAD,1,NA,NA,Not in MSI list
354,BIOL SCI,BIOL SCI,1,NA,NA,Not in MSI list
355,BOARD CHEM SCI AND TECHNOL,BOARD CHEM SCI AND TECHNOL,1,NA,NA,Not in MSI list
102,BOARD LIFE SCI,BOARD LIFE SCI,5,NA,NA,Not in MSI list
356,BOGAZICI UNIV,BOGAZICI UNIVERSITY,1,NA,NA,Not in MSI list
358,BOWLING GREEN STATE UNIV,BOWLING GREEN STATE UNIVERSITY,1,NA,NA,Multiple campuses: 2
27,BRIGHAM YOUNG UNIV,BRIGHAM YOUNG UNIVERSITY,21,NA,NA,"Multiple campuses: 2 (Idaho, Provo. Hawaii already listed)"
359,BRIGHAM YOUNG UNIV HAWAII,BRIGHAM YOUNG UNIVERSITY HAWAII,1,160600,160600,
360,BROWN DEER HIGH SCH,BROWN DEER HIGH SCH,1,NA,NA,Not in MSI list
362,BULACAN STATE UNIV,BULACAN STATE UNIVERSITY,1,NA,NA,Not in MSI list
164,CABRINI COLL,CABRINI COLLEGE,3,#N/A,#N/A,
364,CALIF STATE POLYTECH UNIV,CALIFORNIA STATE POLYTECH UNIVERSITY,1,#N/A,#N/A,
365,CALIF STATE POLYTECH UNIV POMONA,CALIFORNIA STATE POLYTECH UNIVERSITY POMONA,1,#N/A,#N/A,
366,CALIF STATE UNIV,CALIFORNIA STATE UNIVERSITY,1,#N/A,#N/A,
368,CALIF STATE UNIV HAYWARD,CALIFORNIA STATE UNIVERSITY-HAYWARD,1,#N/A,#N/A,
372,CALIF STATE UNIV SYST,CALIFORNIA STATE UNIVERSITY-SYST,1,#N/A,#N/A,
373,CAMPBELL KIBLER ASSOCIATES INC,CAMPBELL KIBLER ASSOCIATES INC,1,#N/A,#N/A,
374,CANADA COLL,CANADA COLLEGE,1,#N/A,#N/A,
376,CARIL RES INST AND SCH MED,CARIL RES INST AND SCH MED,1,#N/A,#N/A,
377,CARILION SCH MED,CARILION SCH MED,1,#N/A,#N/A,
378,CATHOLIC UNIV AMER,CATHOLIC UNIVERSITY AMER,1,#N/A,#N/A,
379,CELAL BAYAR UNIV,CELAL BAYAR UNIVERSITY,1,#N/A,#N/A,
170,CENT MICHIGAN UNIV,CENT MICHIGAN UNIVERSITY,3,#N/A,#N/A,
381,CHANDLER GILBERT COMMUNITY COLL,CHANDLER GILBERT COMMUNITY COLLEGE,1,#N/A,#N/A,
382,CHARLES UNIV PRAGUE,CHARLES UNIVERSITY PRAGUE,1,#N/A,#N/A,
252,CINCINNATI CHILDRENS HOSP MED CTR,CINCINNATI CHILDRENS HOSP MED CTR,2,#N/A,#N/A,
384,CITY COLL,CITY COLLEGE,1,#N/A,#N/A,
385,CITY COLL SAN FRANCISCO,CITY COLLEGE SAN FRANCISCO,1,#N/A,#N/A,
127,CNR,CNR,4,#N/A,#N/A,
386,COHEN RES AND EVALUAT,COHEN RES AND EVALUAT,1,#N/A,#N/A,
254,COLL CHARLESTON,COLLEGE CHARLESTON,2,#N/A,#N/A,
388,COLL ENGN,COLLEGE ENGN,1,#N/A,#N/A,
389,COLL GLOBAL PUBL HLTH,COLLEGE GLOBAL PUBL HLTH,1,#N/A,#N/A,
390,COLL MARSHALL ISL,COLLEGE MARSHALL ISL,1,#N/A,#N/A,
391,COLL NEW JERSEY,COLLEGE NEW JERSEY,1,#N/A,#N/A,
392,COLL SAN MATEO,COLLEGE SAN MATEO,1,#N/A,#N/A,
173,COLL SCI,COLLEGE SCI,3,#N/A,#N/A,
393,COLL SISKIYOUS,COLLEGE SISKIYOUS,1,#N/A,#N/A,
128,COLL WILLIAM AND MARY,COLLEGE WILLIAM AND MARY,4,#N/A,#N/A,
394,COLL WOOSTER,COLLEGE WOOSTER,1,#N/A,#N/A,
255,COLLEGE PK,COLLEGEEGE PK,2,#N/A,#N/A,
395,COLLIN COLL,COLLEGEIN COLLEGE,1,#N/A,#N/A,
397,COLORADO SCH MINES,COLORADO SCH MINES,1,#N/A,#N/A,
174,COLORADO STATE UNIV,COLORADO STATE UNIVERSITY,3,#N/A,#N/A,
398,COLUMBIA SCH GEN STUDIES,COLUMBIA SCH GEN STUDIES,1,#N/A,#N/A,
129,COLUMBIA UNIV,COLUMBIA UNIVERSITY,4,#N/A,#N/A,
256,COLUMBIA UNIV COLL PHYS AND SURG,COLUMBIA UNIVERSITY COLLEGE PHYS AND SURG,2,#N/A,#N/A,
399,CONCORDIA UNIV,CONCORDIA UNIVERSITY,1,#N/A,#N/A,
400,COSTA COLL,COSTA COLLEGE,1,#N/A,#N/A,
401,CTR CANC RES,CTR CANC RES,1,#N/A,#N/A,
402,CTR EDUC,CTR EDUC,1,#N/A,#N/A,
403,CTR EXCELLENCE EDUC,CTR EXCELLENCE EDUC,1,#N/A,#N/A,
404,CTR INCLUS EDUC,CTR INCLUS EDUC,1,#N/A,#N/A,
257,CTR SCI AND MATH EDUC,CTR SCI AND MATH EDUC,2,#N/A,#N/A,
405,CTR SPECIAL STUDIES AND PROGRAMS,CTR SPECIAL STUDIES AND PROGRAMS,1,#N/A,#N/A,
406,CURTIN UNIV,CURTIN UNIVERSITY,1,#N/A,#N/A,
175,DALHOUSIE UNIV,DALHOUSIE UNIVERSITY,3,#N/A,#N/A,
407,DELAWARE TECH COMMUNITY COLL,DELAWARE TECH COMMUNITY COLLEGE,1,#N/A,#N/A,
408,DEMOCRITUS UNIV THRACE,DEMOCRITUS UNIVERSITY THRACE,1,#N/A,#N/A,
177,DEPT BIOL SCI,DEPT BIOL SCI,3,#N/A,#N/A,
409,DEPT BIOMED SCI,DEPT BIOMED SCI,1,#N/A,#N/A,
410,DEPT EARTH SCI,DEPT EARTH SCI,1,#N/A,#N/A,
411,DEPT PSYCHOL NEUROSCI AND BEHAV,DEPT PSYCHOL NEUROSCI AND BEHAV,1,#N/A,#N/A,
412,DEPT SCI AND TECHNOL,DEPT SCI AND TECHNOL,1,#N/A,#N/A,
413,DEPT SCI BIOL,DEPT SCI BIOL,1,#N/A,#N/A,
414,DEPT VET AFFAIRS MED CTR,DEPT VET AFFAIRS MED CTR,1,#N/A,#N/A,
415,DES MOINES UNIV,DES MOINES UNIVERSITY,1,#N/A,#N/A,
417,DIABLO VALLEY COLL SAN RAMON CAMPUS,DIABLO VALLEY COLLEGE SAN RAMON CAMPUS,1,#N/A,#N/A,
418,DIVERSESCHOLAR,DIVERSESCHOLAR,1,#N/A,#N/A,
260,DOANE COLL,DOANE COLLEGE,2,#N/A,#N/A,
419,DONALD DANFORTH PLANT SCI CTR,DONALD DANFORTH PLANT SCI CTR,1,#N/A,#N/A,
70,E TENNESSEE STATE UNIV,E TENNESSEE STATE UNIVERSITY,7,#N/A,#N/A,
424,EDUC FDN,EDUC FDN,1,#N/A,#N/A,
427,EMORY CLIN,EMORY CLIN,1,#N/A,#N/A,
429,EVERETT COMM COLL,EVERETT COMM COLLEGE,1,#N/A,#N/A,
261,EVERGREEN STATE COLL,EVERGREEN STATE COLLEGE,2,#N/A,#N/A,
430,FAC ARTS AND SCI,FAC ARTS AND SCI,1,#N/A,#N/A,
431,FED UNIV STATE RIO DE JANEIRO,FED UNIVERSITY STATE RIO DE JANEIRO,1,#N/A,#N/A,
262,FLINDERS UNIV S AUSTRALIA,FLINDERS UNIVERSITY S AUSTRALIA,2,#N/A,#N/A,
11,FLORIDA INT UNIV,FLORIDA INT UNIVERSITY,32,#N/A,#N/A,
433,FRALIN BIOMED RES INST,FRALIN BIOMED RES INST,1,#N/A,#N/A,
434,FRALIN LIFE SCI INST,FRALIN LIFE SCI INST,1,#N/A,#N/A,
436,FRANK WARD STRONG MIDDLE SCH,FRANK WARD STRONG MIDDLE SCH,1,#N/A,#N/A,
438,FUTURE RES,FUTURE RES,1,#N/A,#N/A,
439,GALEN COLL NURSING,GALEN COLLEGE NURSING,1,#N/A,#N/A,
440,GARDEN CITY HIGH SCH,GARDEN CITY HIGH SCH,1,#N/A,#N/A,
441,GENOM MED INST,GENOM MED INST,1,#N/A,#N/A,
183,GEORGIA COLL AND STATE UNIV,GEORGIA COLLEGE AND STATE UNIVERSITY,3,#N/A,#N/A,
442,GEORGIA INST TECHNOL,GEORGIA INST TECHNOL,1,#N/A,#N/A,
263,GRAD CTR,GRAD CTR,2,#N/A,#N/A,
444,GROVE SCH ENGN,GROVE SCH ENGN,1,#N/A,#N/A,
131,HAMPDEN SYDNEY COLL,HAMPDEN SYDNEY COLLEGE,4,#N/A,#N/A,
449,HARRIS STOWE STATE UNIV,HARRIS STOWE STATE UNIVERSITY,1,#N/A,#N/A,
451,HARVARD GRAD SCH ARTS AND SCI,HARVARD GRAD SCH ARTS AND SCI,1,#N/A,#N/A,
452,HARVARD LAW SCH,HARVARD LAW SCH,1,#N/A,#N/A,
132,HARVARD MED SCH,HARVARD MED SCH,4,#N/A,#N/A,
265,HARVARD SMITHSONIAN CTR ASTROPHYS,HARVARD SMITHSONIAN CTR ASTROPHYS,2,#N/A,#N/A,
453,HASTINGS COLL LAW,HASTINGS COLLEGE LAW,1,#N/A,#N/A,
455,HEBREW UNIV JERUSALEM,HEBREW UNIVERSITY JERUSALEM,1,#N/A,#N/A,
457,HOBART AND WILLIAM SMITH COLL,HOBART AND WILLIAM SMITH COLLEGE,1,#N/A,#N/A,
41,HOWARD HUGHES MED INST,HOWARD HUGHES MED INST,13,#N/A,#N/A,
459,HUNTER COLL,HUNTER COLLEGE,1,#N/A,#N/A,
109,INDIANA UNIV,INDIANA UNIVERSITY,5,#N/A,#N/A,
55,INDIANA UNIV PENN,INDIANA UNIVERSITY PENN,9,#N/A,#N/A,
269,INDIANA UNIV PURDUE UNIV,INDIANA UNIVERSITY PURDUE UNIVERSITY,2,#N/A,#N/A,
461,INST BIOMED PHILOSOPHY,INST BIOMED PHILOSOPHY,1,#N/A,#N/A,
270,INST COMP SCI,INST COMP SCI,2,#N/A,#N/A,
462,INST LAB ANIM RES,INST LAB ANIM RES,1,#N/A,#N/A,
463,INTRAMURAL RES PROGRAM,INTRAMURAL RES PROGRAM,1,#N/A,#N/A,
186,IPN LEIBNIZ INST SCI AND MATH EDUC,IPN LEIBNIZ INST SCI AND MATH EDUC,3,#N/A,#N/A,
464,JACKSON LAB GENOM MED,JACKSON LAB GENOM MED,1,#N/A,#N/A,
466,JOHN JAY COLL,JOHN JAY COLLEGE,1,#N/A,#N/A,
271,JOHNS HOPKINS BLOOMBERG SCH PUBL HLTH,JOHNS HOPKINS BLOOMBERG SCH PUBL HLTH,2,#N/A,#N/A,
272,JOHNS HOPKINS SCH MED,JOHNS HOPKINS SCH MED,2,#N/A,#N/A,
468,JOHNS HOPKINS WHITING SCH ENGN,JOHNS HOPKINS WHITING SCH ENGN,1,#N/A,#N/A,
274,KARLSTAD UNIV,KARLSTAD UNIVERSITY,2,#N/A,#N/A,
470,KECK GRAD INST APPL LIFE SCI,KECK GRAD INST APPL LIFE SCI,1,#N/A,#N/A,
471,KELLEY PETTERSON AND ASSOCIATES,KELLEY PETTERSON AND ASSOCIATES,1,#N/A,#N/A,
472,KELLEY PETTERSON AND ASSOCIATES INC,KELLEY PETTERSON AND ASSOCIATES INC,1,#N/A,#N/A,
474,KINGSBOROUGH COMM COLL,KINGSBOROUGH COMM COLLEGE,1,#N/A,#N/A,
475,KNUTH RES INC,KNUTH RES INC,1,#N/A,#N/A,
476,LAB RECH DIDACT SCI,LAB RECH DIDACT SCI,1,#N/A,#N/A,
188,LAGUARDIA COMMUNITY COLL,LAGUARDIA COMMUNITY COLLEGE,3,#N/A,#N/A,
478,LARAMIE CTY COMMUNITY COLL,LARAMIE CTY COMMUNITY COLLEGE,1,#N/A,#N/A,
480,LAWRENCE BERKELEY NATL LAB,LAWRENCE BERKELEY NATL LAB,1,#N/A,#N/A,
481,LAWSON HLTH RES INST,LAWSON HLTH RES INST,1,#N/A,#N/A,
482,LEIDEN UNIV,LEIDEN UNIVERSITY,1,#N/A,#N/A,
483,LEWIS AND CLARK COLL,LEWIS AND CLARK COLLEGE,1,#N/A,#N/A,
484,LINDEN HIGH SCH,LINDEN HIGH SCH,1,#N/A,#N/A,
485,LINFIELD COLL,LINFIELD COLLEGE,1,#N/A,#N/A,
110,LINKOPING UNIV,LINKOPING UNIVERSITY,5,#N/A,#N/A,
486,LOCK HAVEN UNIV PENN,LOCK HAVEN UNIVERSITY PENN,1,#N/A,#N/A,
190,LONG ISL UNIV,LONG ISL UNIVERSITY,3,#N/A,#N/A,
72,LOUISIANA STATE UNIV,LOUISIANA STATE UNIVERSITY,7,#N/A,#N/A,
490,MAKERERE UNIV,MAKERERE UNIVERSITY,1,#N/A,#N/A,
491,MANKATO STATE UNIV,MANKATO STATE UNIVERSITY,1,#N/A,#N/A,
495,MASSACHUSETTS COLL PHARM AND HLTH SCI,MASSACHUSETTS COLLEGE PHARM AND HLTH SCI,1,#N/A,#N/A,
496,MASSANUTTEN GOVERNORS SCH,MASSANUTTEN GOVERNORS SCH,1,#N/A,#N/A,
193,MAYO CLIN,MAYO CLIN,3,#N/A,#N/A,
56,MCGILL UNIV,MCGILL UNIVERSITY,9,#N/A,#N/A,
497,MDBIO FDN INC,MDBIO FDN INC,1,#N/A,#N/A,
195,MED COLL WISCONSIN,MED COLLEGE WISCONSIN,3,#N/A,#N/A,
498,MED COLL WISCONSIN CENT WISCONSIN,MED COLLEGE WISCONSIN CENT WISCONSIN,1,#N/A,#N/A,
196,MED UNIV S CAROLINA,MED UNIVERSITY S CAROLINA,3,#N/A,#N/A,
499,MEDANOS COLL,MEDANOS COLLEGE,1,#N/A,#N/A,
197,MEM UNIV NEWFOUNDLAND,MEM UNIVERSITY NEWFOUNDLAND,3,#N/A,#N/A,
503,MGH INST HLTH PROFESS,MGH INST HLTH PROFESS,1,#N/A,#N/A,
90,MIAMI UNIV,MIAMI UNIVERSITY,6,#N/A,#N/A,
504,MILLERSVILLE UNIV PENNSYLVANIA,MILLERSVILLE UNIVERSITY PENNSYLVANIA,1,#N/A,#N/A,
279,MILWAUKEE SCH ENGN,MILWAUKEE SCH ENGN,2,#N/A,#N/A,
505,MINNEAPOLIS COLL,MINNEAPOLIS COLLEGE,1,#N/A,#N/A,
506,MINNESOTA STATE UNIV MANKATO,MINNESOTA STATE UNIVERSITY MANKATO,1,#N/A,#N/A,
507,MISSISSIPPI UNIV WOMEN,MISSISSIPPI UNIVERSITY WOMEN,1,#N/A,#N/A,
281,MT HOLYOKE COLL,MT HOLYOKE COLLEGE,2,#N/A,#N/A,
283,MT MARY UNIV,MT MARY UNIVERSITY,2,#N/A,#N/A,
508,MT ST MARY ACAD,MT ST MARY ACAD,1,#N/A,#N/A,
91,N CAROLINA AGR AND TECH STATE UNIV,N CAROLINA AGR AND TECH STATE UNIVERSITY,6,#N/A,#N/A,
285,N CAROLINA CENT UNIV,N CAROLINA CENT UNIVERSITY,2,#N/A,#N/A,
201,N CAROLINA STATE UNIV,N CAROLINA STATE UNIVERSITY,3,#N/A,#N/A,
28,N DAKOTA STATE UNIV,N DAKOTA STATE UNIVERSITY,19,#N/A,#N/A,
286,NATL ACAD ENGN,NATL ACAD ENGN,2,#N/A,#N/A,
287,NATL ACAD MED,NATL ACAD MED,2,#N/A,#N/A,
114,NATL ACAD SCI,NATL ACAD SCI,5,#N/A,#N/A,
509,NATL BOARD MED EXAMINERS,NATL BOARD MED EXAMINERS,1,#N/A,#N/A,
510,NATL CHANGHUA UNIV EDUC,NATL CHANGHUA UNIVERSITY EDUC,1,#N/A,#N/A,
511,NATL CHIAO TUNG UNIV,NATL CHIAO TUNG UNIVERSITY,1,#N/A,#N/A,
512,NATL CTR ADV TRANSLAT SCI,NATL CTR ADV TRANSLAT SCI,1,#N/A,#N/A,
513,NATL GIRLS COLLABORAT PROJECT AND EDLAB GRP,NATL GIRLS COLLEGEABORAT PROJECT AND EDLAB GRP,1,#N/A,#N/A,
514,NATL INST FOOD AND AGR,NATL INST FOOD AND AGR,1,#N/A,#N/A,
515,NATL JEWISH HLTH,NATL JEWISH HLTH,1,#N/A,#N/A,
42,NATL SCI FDN,NATL SCI FDN,13,#N/A,#N/A,
516,NATL SUN YAT SEN UNIV,NATL SUN YAT SEN UNIVERSITY,1,#N/A,#N/A,
517,NATL UNIV,NATL UNIVERSITY,1,#N/A,#N/A,
518,NATL UNIV CUYO,NATL UNIVERSITY CUYO,1,#N/A,#N/A,
519,NATL UNIV SINGAPORE,NATL UNIVERSITY SINGAPORE,1,#N/A,#N/A,
288,NEW MEXICO STATE UNIV,NEW MEXICO STATE UNIVERSITY,2,#N/A,#N/A,
203,NO ARIZONA UNIV,NO ARIZONA UNIVERSITY,3,#N/A,#N/A,
289,NO ILLINOIS UNIV,NO ILLINOIS UNIVERSITY,2,#N/A,#N/A,
135,NORTH CAROLINA AANDT STATE UNIV,NORTH CAROLINA AANDT STATE UNIVERSITY,4,#N/A,#N/A,
522,NORTH CAROLINA SCH SCI AND MATH,NORTH CAROLINA SCH SCI AND MATH,1,#N/A,#N/A,
204,NORTH CAROLINA STATE UNIV,NORTH CAROLINA STATE UNIVERSITY,3,#N/A,#N/A,
523,NORTH CENT COLL,NORTH CENT COLLEGE,1,#N/A,#N/A,
47,NORTH DAKOTA STATE UNIV,NORTH DAKOTA STATE UNIVERSITY,11,#N/A,#N/A,
525,NORTHWEST ASSOC BIOMED RES,NORTHWEST ASSOC BIOMED RES,1,#N/A,#N/A,
290,NORTHWEST SCH,NORTHWEST SCH,2,#N/A,#N/A,
136,NOTREPORTED,NOTREPORTED,4,#N/A,#N/A,
526,OBAFEMI AWOLOWO UNIV,OBAFEMI AWOLOWO UNIVERSITY,1,#N/A,#N/A,
527,OBERLIN COLL AND CONSERVATORY,OBERLIN COLLEGE AND CONSERVATORY,1,#N/A,#N/A,
528,OFF RES,OFF RES,1,#N/A,#N/A,
529,OFF RES EVALUAT AND PROGRAM SUPPORT,OFF RES EVALUAT AND PROGRAM SUPPORT,1,#N/A,#N/A,
75,OHIO STATE UNIV,OHIO STATE UNIVERSITY,7,#N/A,#N/A,
530,OHIO UNIV,OHIO UNIVERSITY,1,#N/A,#N/A,
205,OKLAHOMA STATE UNIV,OKLAHOMA STATE UNIVERSITY,3,#N/A,#N/A,
292,OREGON HLTH AND SCI UNIV,OREGON HLTH AND SCI UNIVERSITY,2,#N/A,#N/A,
532,OREGON INST TECHNOL,OREGON INST TECHNOL,1,#N/A,#N/A,
533,OSTEOPATH MED CTR,OSTEOPATH MED CTR,1,#N/A,#N/A,
207,PENN STATE UNIV,PENN STATE UNIVERSITY,3,#N/A,#N/A,
536,PHYSIOL EDUC RES CONSORTIUM,PHYSIOL EDUC RES CONSORTIUM,1,#N/A,#N/A,
208,PONCE HLTH SCI UNIV,PONCE HLTH SCI UNIVERSITY,3,#N/A,#N/A,
538,PONCE RES INST,PONCE RES INST,1,#N/A,#N/A,
294,PRAIRIE VIEW AANDM UNIV,PRAIRIE VIEW AANDM UNIVERSITY,2,#N/A,#N/A,
10,PURDUE UNIV,PURDUE UNIVERSITY,38,#N/A,#N/A,
295,QUEENS UNIV,QUEENS UNIVERSITY,2,#N/A,#N/A,
296,RES TRIANGLE PK,RES TRIANGLE PK,2,#N/A,#N/A,
542,RHODE ISL COLL,RHODE ISL COLLEGE,1,#N/A,#N/A,
543,RICHARD GILDER GRAD SCH,RICHARD GILDER GRAD SCH,1,#N/A,#N/A,
209,ROCHESTER INST TECHNOL,ROCHESTER INST TECHNOL,3,#N/A,#N/A,
548,RTRES CONSULTING,RTRES CONSULTING,1,#N/A,#N/A,
549,RUSH MED COLL,RUSH MED COLLEGE,1,#N/A,#N/A,
137,RUTGERS STATE UNIV,RUTGERS STATE UNIVERSITY,4,#N/A,#N/A,
551,SACRAMENTO STATE UNIV,SACRAMENTO STATE UNIVERSITY,1,#N/A,#N/A,
552,SAKARYA UNIV,SAKARYA UNIVERSITY,1,#N/A,#N/A,
298,SALK INST BIOL STUDIES,SALK INST BIOL STUDIES,2,#N/A,#N/A,
556,SCH BIOL,SCH BIOL,1,#N/A,#N/A,
118,SCH BIOL SCI,SCH BIOL SCI,5,#N/A,#N/A,
557,SCH HIST TECHNOL AND SOC,SCH HIST TECHNOL AND SOC,1,#N/A,#N/A,
558,SCH LIFE SCI,SCH LIFE SCI,1,#N/A,#N/A,
560,SCI MUSEUM MINNESOTA,SCI MUSEUM MINNESOTA,1,#N/A,#N/A,
561,SCI RES AND TECHNOL BRANCH,SCI RES AND TECHNOL BRANCH,1,#N/A,#N/A,
301,SCRIPPS RES INST,SCRIPPS RES INST,2,#N/A,#N/A,
562,SEATTLE PUBL SCH DIST,SEATTLE PUBL SCH DIST,1,#N/A,#N/A,
563,SEGAL CANC CTR,SEGAL CANC CTR,1,#N/A,#N/A,
564,SHIPS RESOURCE CTR,SHIPS RESOURCE CTR,1,#N/A,#N/A,
565,SIMBIOT SOFTWARE TEACHING AND RES,SIMBIOT SOFTWARE TEACHING AND RES,1,#N/A,#N/A,
140,SIMMONS COLL,SIMMONS COLLEGE,4,#N/A,#N/A,
302,SIMON FRASER UNIV,SIMON FRASER UNIVERSITY,2,#N/A,#N/A,
567,SO ILLINOIS UNIV,SO ILLINOIS UNIVERSITY,1,#N/A,#N/A,
568,SO VERMONT COLL,SO VERMONT COLLEGE,1,#N/A,#N/A,
569,SOLANO COLL,SOLANO COLLEGE,1,#N/A,#N/A,
141,SOUTHERN ILLINOIS UNIV,SOUTHERN ILLINOIS UNIVERSITY,4,#N/A,#N/A,
572,ST CLOUD TECH AND COMMUNITY COLL,ST CLOUD TECH AND COMMUNITY COLLEGE,1,#N/A,#N/A,
573,ST DOMINIC SCH,ST DOMINIC SCH,1,#N/A,#N/A,
210,ST EDWARDS UNIV,ST EDWARDS UNIVERSITY,3,#N/A,#N/A,
574,ST JOHNS UNIV,ST JOHNS UNIVERSITY,1,#N/A,#N/A,
575,ST JOSEPH CATHOLIC SCH,ST JOSEPH CATHOLIC SCH,1,#N/A,#N/A,
305,ST JOSEPHS UNIV,ST JOSEPHS UNIVERSITY,2,#N/A,#N/A,
78,ST LOUIS UNIV,ST LOUIS UNIVERSITY,7,#N/A,#N/A,
306,ST MARYS COLL,ST MARYS COLLEGE,2,#N/A,#N/A,
211,ST MARYS COLL CALIF,ST MARYS COLLEGE CALIF,3,#N/A,#N/A,
307,ST MARYS COLL MARYLAND,ST MARYS COLLEGE MARYLAND,2,#N/A,#N/A,
576,ST MARYS UNIV,ST MARYS UNIVERSITY,1,#N/A,#N/A,
577,ST PAUL COLL,ST PAUL COLLEGE,1,#N/A,#N/A,
579,SUNY ALBANY,SUNY ALBANY,1,#N/A,#N/A,
580,SUNY COLL GENESEO,SUNY COLLEGE GENESEO,1,#N/A,#N/A,
120,SUNY STONY BROOK,SUNY STONY BROOK,5,#N/A,#N/A,
308,SUNY UPSTATE MED UNIV,SUNY UPSTATE MED UNIVERSITY,2,#N/A,#N/A,
310,TECHNION ISRAEL INST TECHNOL,TECHNION ISRAEL INST TECHNOL,2,#N/A,#N/A,
582,TENNESSEE TECHNOL UNIV,TENNESSEE TECHNOL UNIVERSITY,1,#N/A,#N/A,
583,TERRY FOX FDN STRATEG TRAINING INITIAT HLTH RES C,TERRY FOX FDN STRATEG TRAINING INITIAT HLTH RES C,1,#N/A,#N/A,
95,THOMAS H GOSNELL SCH LIFE SCI,THOMAS H GOSNELL SCH LIFE SCI,6,#N/A,#N/A,
587,TULANE UNIV,TULANE UNIVERSITY,1,#N/A,#N/A,
214,UMEA UNIV,UMEA UNIVERSITY,3,#N/A,#N/A,
312,UNIV ALABAMA,UNIVERSITY OF ALABAMA,2,#N/A,#N/A,
143,UNIV ALABAMA BIRMINGHAM,UNIVERSITY OF ALABAMA BIRMINGHAM,4,#N/A,#N/A,
216,UNIV AMSTERDAM,UNIVERSITY OF AMSTERDAM,3,#N/A,#N/A,
144,UNIV BERGEN,UNIVERSITY OF BERGEN,4,#N/A,#N/A,
313,UNIV BORDEAUX,UNIVERSITY OF BORDEAUX,2,#N/A,#N/A,
12,UNIV BRITISH COLUMBIA,UNIVERSITY OF BRITISH COLUMBIA,30,#N/A,#N/A,
591,UNIV BUFFALO,UNIVERSITY OF BUFFALO,1,#N/A,#N/A,
592,UNIV BUFFALO SUNY,UNIVERSITY OF BUFFALO SUNY,1,#N/A,#N/A,
145,UNIV CALGARY,UNIVERSITY OF CALGARY,4,#N/A,#N/A,
593,UNIV CALIF OAKLAND,UNIVERSITY OF CALIFORNIA-OAKLAND,1,#N/A,#N/A,
595,UNIV CANTERBURY,UNIVERSITY OF CANTERBURY,1,#N/A,#N/A,
596,UNIV CENT ARKANSAS,UNIVERSITY OF CENT ARKANSAS,1,#N/A,#N/A,
121,UNIV CENT FLORIDA,UNIVERSITY OF CENT FLORIDA,5,#N/A,#N/A,
597,UNIV COLL UTRECHT,UNIVERSITY OF COLLEGE UTRECHT,1,#N/A,#N/A,
2,UNIV COLORADO,UNIVERSITY OF COLORADO,77,#N/A,#N/A,"Colorado Springs: 450900, Denver/Anschutz Medical: 450800"
316,UNIV COLORADO DENVER,UNIVERSITY OF COLORADO DENVER,2,#N/A,#N/A,
598,UNIV CUMBERLANDS,UNIVERSITY OF CUMBERLANDS,1,#N/A,#N/A,
600,UNIV DIST COLUMBIA,UNIVERSITY OF DIST COLUMBIA,1,#N/A,#N/A,
601,UNIV EDUC HEIDELBERG,UNIVERSITY OF EDUC HEIDELBERG,1,#N/A,#N/A,
602,UNIV EDUC LUDWIGSBURG,UNIVERSITY OF EDUC LUDWIGSBURG,1,#N/A,#N/A,
603,UNIV GLASGOW,UNIVERSITY OF GLASGOW,1,#N/A,#N/A,
317,UNIV GRONINGEN,UNIVERSITY OF GRONINGEN,2,#N/A,#N/A,
219,UNIV GUELPH,UNIVERSITY OF GUELPH,3,#N/A,#N/A,
604,UNIV HAIFA,UNIVERSITY OF HAIFA,1,#N/A,#N/A,
318,UNIV HAWAII,UNIVERSITY OF HAWAII,2,#N/A,#N/A,
319,UNIV HAWAII MANOA,UNIVERSITY OF HAWAII MANOA,2,#N/A,#N/A,
148,UNIV HLTH NETWORK,UNIVERSITY OF HLTH NETWORK,4,#N/A,#N/A,
606,UNIV HOUSTON DOWNTOWN,UNIVERSITY OF HOUSTON DOWNTOWN,1,#N/A,#N/A,
607,UNIV IBADAN,UNIVERSITY OF IBADAN,1,#N/A,#N/A,
220,UNIV ILLINOIS,UNIVERSITY OF ILLINOIS,3,#N/A,#N/A,
320,UNIV INCARNATE WORD,UNIVERSITY OF INCARNATE WORD,2,#N/A,#N/A,
150,UNIV KIEL,UNIVERSITY OF KIEL,4,#N/A,#N/A,
322,UNIV LEEDS,UNIVERSITY OF LEEDS,2,#N/A,#N/A,
608,UNIV LOUISIANA MONROE,UNIVERSITY OF LOUISIANA MONROE,1,#N/A,#N/A,
609,UNIV MARIBOR,UNIVERSITY OF MARIBOR,1,#N/A,#N/A,
22,UNIV MARYLAND,UNIVERSITY OF MARYLAND,23,#N/A,#N/A,
40,UNIV MARYLAND BALTIMORE CTY,UNIVERSITY OF MARYLAND BALTIMORE CTY,14,#N/A,#N/A,
151,UNIV MASSACHUSETTS,UNIVERSITY OF MASSACHUSETTS,4,#N/A,#N/A,
222,UNIV MASSACHUSETTS AMHERST,UNIVERSITY OF MASSACHUSETTS AMHERST,3,#N/A,#N/A,
97,UNIV MICHIGAN,UNIVERSITY OF MICHIGAN,6,#N/A,#N/A,
15,UNIV MINNESOTA,UNIVERSITY OF MINNESOTA,29,#N/A,#N/A,
612,UNIV MINNESOTA ROCHESTER,UNIVERSITY OF MINNESOTA ROCHESTER,1,#N/A,#N/A,
98,UNIV MINNESOTA TWIN CITIES,UNIVERSITY OF MINNESOTA TWIN CITIES,6,#N/A,#N/A,
153,UNIV MISSOURI,UNIVERSITY OF MISSOURI,4,#N/A,#N/A,
30,UNIV N CAROLINA,UNIVERSITY OF N CAROLINA,18,#N/A,#N/A,
613,UNIV NACL CUYO,UNIVERSITY OF NACL CUYO,1,#N/A,#N/A,
13,UNIV NEBRASKA,UNIVERSITY OF NEBRASKA,30,#N/A,#N/A,
614,UNIV NEBRASKA LINCOLN,UNIVERSITY OF NEBRASKA LINCOLN,1,#N/A,#N/A,
615,UNIV NEVADA LAS VEGAS,UNIVERSITY OF NEVADA LAS VEGAS,1,#N/A,#N/A,
79,UNIV NEW HAMPSHIRE,UNIVERSITY OF NEW HAMPSHIRE,7,#N/A,#N/A,
60,UNIV NEW MEXICO,UNIVERSITY OF NEW MEXICO,9,#N/A,#N/A,
324,UNIV NO COLORADO,UNIVERSITY OF NO COLORADO,2,#N/A,#N/A,
122,UNIV NORTH CAROLINA CHAPEL HILL,UNIVERSITY OF NORTH CAROLINA CHAPEL HILL,5,#N/A,#N/A,
616,UNIV NORTHWESTERN,UNIVERSITY OF NORTHWESTERN,1,#N/A,#N/A,
617,UNIV OKLAHOMA,UNIVERSITY OF OKLAHOMA,1,#N/A,#N/A,
619,UNIV OSLO,UNIVERSITY OF OSLO,1,#N/A,#N/A,
620,UNIV OTTAWA,UNIVERSITY OF OTTAWA,1,#N/A,#N/A,
621,UNIV PENN,UNIVERSITY OF PENN,1,#N/A,#N/A,
68,UNIV PITTSBURGH,UNIVERSITY OF PITTSBURGH,8,#N/A,#N/A,
622,UNIV POTIGUAR,UNIVERSITY OF POTIGUAR,1,#N/A,#N/A,
223,UNIV PRETORIA,UNIVERSITY OF PRETORIA,3,#N/A,#N/A,
99,UNIV PUERTO RICO,UNIVERSITY OF PUERTO RICO,6,#N/A,#N/A,
623,UNIV PUERTO RICO CAYEY,UNIVERSITY OF PUERTO RICO CAYEY,1,#N/A,#N/A,
624,UNIV PUERTO RICO MAYAGUEZ,UNIVERSITY OF PUERTO RICO MAYAGUEZ,1,#N/A,#N/A,
69,UNIV QUEENSLAND,UNIVERSITY OF QUEENSLAND,8,#N/A,#N/A,
625,UNIV RHODE ISL,UNIVERSITY OF RHODE ISL,1,#N/A,#N/A,
33,UNIV S FLORIDA,UNIVERSITY OF S FLORIDA,16,#N/A,#N/A,
327,UNIV SCI PHILADELPHIA,UNIVERSITY OF SCI PHILADELPHIA,2,#N/A,#N/A,
627,UNIV SCI TECH AND TECHNOL BAMAKO,UNIVERSITY OF SCI TECH AND TECHNOL BAMAKO,1,#N/A,#N/A,
226,UNIV SO CALIF,UNIVERSITY OF SO CALIF,3,#N/A,#N/A,
628,UNIV SOUTH CAROLINA,UNIVERSITY OF SOUTH CAROLINA,1,#N/A,#N/A,
629,UNIV SOUTHAMPTON,UNIVERSITY OF SOUTHAMPTON,1,#N/A,#N/A,
155,UNIV SOUTHERN CALIF,UNIVERSITY OF SOUTHERN CALIF,4,#N/A,#N/A,
630,UNIV ST JOSEPH,UNIVERSITY OF ST JOSEPH,1,#N/A,#N/A,
631,UNIV TAMPA,UNIVERSITY OF TAMPA,1,#N/A,#N/A,
21,UNIV TENNESSEE,UNIVERSITY OF TENNESSEE,24,#N/A,#N/A,
18,UNIV TEXAS AUSTIN,UNIVERSITY OF TEXAS AUSTIN,25,#N/A,#N/A,
632,UNIV TEXAS DALLAS,UNIVERSITY OF TEXAS DALLAS,1,#N/A,#N/A,
26,UNIV TEXAS EL PASO,UNIVERSITY OF TEXAS EL PASO,22,#N/A,#N/A,
228,UNIV TEXAS HLTH SCI CTR HOUSTON,UNIVERSITY OF TEXAS HLTH SCI CTR HOUSTON,3,#N/A,#N/A,
633,UNIV TEXAS HLTH SCI CTR SAN ANTONIO,UNIVERSITY OF TEXAS HLTH SCI CTR SAN ANTONIO,1,#N/A,#N/A,
81,UNIV TEXAS MD ANDERSON CANC CTR,UNIVERSITY OF TEXAS MD ANDERSON CANC CTR,7,#N/A,#N/A,
634,UNIV TEXAS MED BRANCH,UNIVERSITY OF TEXAS MED BRANCH,1,#N/A,#N/A,
61,UNIV TORONTO,UNIVERSITY OF TORONTO,9,#N/A,#N/A,
635,UNIV TORONTO MISSISSAUGA,UNIVERSITY OF TORONTO MISSISSAUGA,1,#N/A,#N/A,
156,UNIV UTRECHT,UNIVERSITY OF UTRECHT,4,#N/A,#N/A,
328,UNIV VIRGIN ISL,UNIVERSITY OF VIRGIN ISL,2,#N/A,#N/A,
157,UNIV VIRGINIA,UNIVERSITY OF VIRGINIA,4,#N/A,#N/A,
229,UNIV W FLORIDA,UNIVERSITY OF W FLORIDA,3,#N/A,#N/A,
4,UNIV WASHINGTON,UNIVERSITY OF WASHINGTON,74,#N/A,#N/A,"Tacoma: 379801, Bothell: 379802"
636,UNIV WASHINGTON BOTHELL,UNIVERSITY OF WASHINGTON BOTHELL,1,#N/A,#N/A,
637,UNIV WASHINGTON TACOMA,UNIVERSITY OF WASHINGTON TACOMA,1,#N/A,#N/A,
638,UNIV WEST FLORIDA,UNIVERSITY OF WEST FLORIDA,1,#N/A,#N/A,
639,UNIV WESTERN ONTARIO,UNIVERSITY OF WESTERN ONTARIO,1,#N/A,#N/A,
5,UNIV WISCONSIN,UNIVERSITY OF WISCONSIN,59,#N/A,#N/A,Madison: 389500 (listed Milwaukee for OPEID)
640,UNIV WISCONSIN EAU CLAIRE,UNIVERSITY OF WISCONSIN EAU CLAIRE,1,#N/A,#N/A,
62,UNIV WISCONSIN MADISON,UNIVERSITY OF WISCONSIN MADISON,9,#N/A,#N/A,
329,UNIV WISCONSIN STOUT,UNIVERSITY OF WISCONSIN STOUT,2,#N/A,#N/A,
642,VANDERBILT CTR TEACHING,VANDERBILT CTR TEACHING,1,#N/A,#N/A,
643,VICTORIA UNIV WELLINGTON,VICTORIA UNIVERSITY WELLINGTON,1,#N/A,#N/A,
645,VIRGINIA POLYTECH INST AND STATE UNIV,VIRGINIA POLYTECH INST AND STATE UNIVERSITY,1,#N/A,#N/A,
158,VIRGINIA TECH,VIRGINIA TECH,4,#N/A,#N/A,
331,W VIRGINIA UNIV,W VIRGINIA UNIVERSITY,2,#N/A,#N/A,
8,WASHINGTON UNIV,WASHINGTON UNIVERSITY,41,#N/A,#N/A,
648,WAUWATOSA WEST HIGH SCH,WAUWATOSA WEST HIGH SCH,1,#N/A,#N/A,
650,WEILL CORNELL MED COLL QATAR,WEILL CORNELL MED COLLEGE QATAR,1,#N/A,#N/A,
232,WEIZMANN INST SCI,WEIZMANN INST SCI,3,#N/A,#N/A,
652,WESTERN NORWAY UNIV APPL SCI,WESTERN NORWAY UNIVERSITY APPL SCI,1,#N/A,#N/A,
654,WHEATON COLL,WHEATON COLLEGE,1,#N/A,#N/A,
657,WILLIAM S MIDDLETON MEM VET ADM MED CTR,WILLIAM S MIDDLETON MEM VET ADM MED CTR,1,#N/A,#N/A,
658,WILLIAM S MIDDLETON VET HOSP,WILLIAM S MIDDLETON VET HOSP,1,#N/A,#N/A,
659,WISCONSIN CTR EDUC RES,WISCONSIN CTR EDUC RES,1,#N/A,#N/A,
660,WORCESTER STATE COLL,WORCESTER STATE COLLEGE,1,#N/A,#N/A,
100,WRIGHT STATE UNIV,WRIGHT STATE UNIVERSITY,6,#N/A,#N/A,
237,XAVIER UNIV LOUISIANA,XAVIER UNIVERSITY LOUISIANA,3,#N/A,#N/A,
337,AMER ASSOC ADVANCEMENT SCI,AMER ASSOC ADVANCEMENT SCI,1,,,
338,AMER ASSOC CANC RES,AMER ASSOC CANC RES,1,,,
